mode,requests,concurrency,median_ms,p95_ms,p99_ms,throughput_req_s,req_bytes_total,res_bytes_total,avg_req_bytes,avg_res_bytes
json,5000,32,9.834640000000036,26.65697799999998,45.33237300000019,2461.6013112946243,1436926,521250,287.3852,104.25
avro,5000,32,11.409623999999894,36.26957599999969,58.32826299999988,2174.8179710524205,732459,226250,146.4918,45.25
