mode,requests,concurrency,median_ms,p95_ms,p99_ms,throughput_req_s,req_bytes_total,res_bytes_total,avg_req_bytes,avg_res_bytes
json,5000,32,14.815482999999858,59.790186000000176,96.23789799999986,1571.896130944672,1436926,521250,287.3852,104.25
avro,5000,32,11.457680999999866,33.78862200000003,48.88268900000003,2304.0346410023094,732459,226250,146.4918,45.25
