mode,requests,concurrency,median_ms,p95_ms,p99_ms,throughput_req_s,req_bytes_total,res_bytes_total,avg_req_bytes,avg_res_bytes
json,3000,24,15.783939999999347,80.72041599999966,134.28577799999994,936.101825150024,862155,312750,287.385,104.25
avro,3000,24,8.97303600000032,24.9567619999998,36.502840999999535,2291.6977785329036,439476,135750,146.492,45.25
