mode,requests,concurrency,median_ms,p95_ms,throughput_req_s,req_bytes_total,res_bytes_total,avg_req_bytes,avg_res_bytes
json,1500,24,7.704187999999931,19.551086000000055,2257.153274227668,431042,156375,287.36133333333333,104.25
avro,1500,24,8.494947000000138,18.92001499999992,2508.192664371518,218213,66375,145.47533333333334,44.25
