{
  "metadata": {
    "benchmarkName": "E2E Web Interaction Benchmark (JSON vs Avro)",
    "generatedAt": "2026-04-10T06:31:02.633Z",
    "node": "v24.14.0",
    "platform": "linux x64",
    "host": "127.0.0.1",
    "port": 43110,
    "requests": 5000,
    "warmup": 300,
    "concurrency": 32
  },
  "summary": [
    {
      "mode": "json",
      "requests": 5000,
      "concurrency": 32,
      "median_ms": 14.815482999999858,
      "p95_ms": 59.790186000000176,
      "p99_ms": 96.23789799999986,
      "throughput_req_s": 1571.896130944672,
      "req_bytes_total": 1436926,
      "res_bytes_total": 521250,
      "avg_req_bytes": 287.3852,
      "avg_res_bytes": 104.25
    },
    {
      "mode": "avro",
      "requests": 5000,
      "concurrency": 32,
      "median_ms": 11.457680999999866,
      "p95_ms": 33.78862200000003,
      "p99_ms": 48.88268900000003,
      "throughput_req_s": 2304.0346410023094,
      "req_bytes_total": 732459,
      "res_bytes_total": 226250,
      "avg_req_bytes": 146.4918,
      "avg_res_bytes": 45.25
    }
  ],
  "results": [
    {
      "mode": "json",
      "requests": 5000,
      "concurrency": 32,
      "summary": {
        "min": 2.91838400000006,
        "median": 14.815482999999858,
        "p95": 59.790186000000176,
        "p99": 96.23789799999986,
        "max": 141.83872000000008,
        "mean": 20.337460960400016,
        "stddev": 17.617814653050456
      },
      "throughput": 1571.896130944672,
      "bytes": {
        "reqBytes": 1436926,
        "resBytes": 521250,
        "requests": 5000
      }
    },
    {
      "mode": "avro",
      "requests": 5000,
      "concurrency": 32,
      "summary": {
        "min": 5.307850000000144,
        "median": 11.457680999999866,
        "p95": 33.78862200000003,
        "p99": 48.88268900000003,
        "max": 82.24095800000032,
        "mean": 13.839066065800013,
        "stddev": 8.508678775854358
      },
      "throughput": 2304.0346410023094,
      "bytes": {
        "reqBytes": 732459,
        "resBytes": 226250,
        "requests": 5000
      }
    }
  ]
}
