{
  "metadata": {
    "benchmarkName": "E2E Web Interaction Benchmark (JSON vs Avro)",
    "generatedAt": "2026-04-10T05:51:14.745Z",
    "node": "v24.14.0",
    "platform": "linux x64",
    "host": "127.0.0.1",
    "port": 43110,
    "requests": 5000,
    "warmup": 300,
    "concurrency": 32
  },
  "summary": [
    {
      "mode": "json",
      "requests": 5000,
      "concurrency": 32,
      "median_ms": 9.834640000000036,
      "p95_ms": 26.65697799999998,
      "p99_ms": 45.33237300000019,
      "throughput_req_s": 2461.6013112946243,
      "req_bytes_total": 1436926,
      "res_bytes_total": 521250,
      "avg_req_bytes": 287.3852,
      "avg_res_bytes": 104.25
    },
    {
      "mode": "avro",
      "requests": 5000,
      "concurrency": 32,
      "median_ms": 11.409623999999894,
      "p95_ms": 36.26957599999969,
      "p99_ms": 58.32826299999988,
      "throughput_req_s": 2174.8179710524205,
      "req_bytes_total": 732459,
      "res_bytes_total": 226250,
      "avg_req_bytes": 146.4918,
      "avg_res_bytes": 45.25
    }
  ],
  "results": [
    {
      "mode": "json",
      "requests": 5000,
      "concurrency": 32,
      "summary": {
        "min": 3.105310999999915,
        "median": 9.834640000000036,
        "p95": 26.65697799999998,
        "p99": 45.33237300000019,
        "max": 155.25867700000003,
        "mean": 12.97594767740001,
        "stddev": 10.68193572192692
      },
      "throughput": 2461.6013112946243,
      "bytes": {
        "reqBytes": 1436926,
        "resBytes": 521250,
        "requests": 5000
      }
    },
    {
      "mode": "avro",
      "requests": 5000,
      "concurrency": 32,
      "summary": {
        "min": 4.822169000000031,
        "median": 11.409623999999894,
        "p95": 36.26957599999969,
        "p99": 58.32826299999988,
        "max": 124.08591999999999,
        "mean": 14.650952643999961,
        "stddev": 9.779448653692537
      },
      "throughput": 2174.8179710524205,
      "bytes": {
        "reqBytes": 732459,
        "resBytes": 226250,
        "requests": 5000
      }
    }
  ]
}
