mode,requests,concurrency,median_ms,p95_ms,p99_ms,throughput_req_s,req_bytes_total,res_bytes_total,avg_req_bytes,avg_res_bytes
json,10000,48,32.3066400000007,153.16612299999997,232.07637500000055,885.1506862063953,2873853,1042500,287.3853,104.25
avro,10000,48,23.71159500000067,133.09618599999885,260.13617299999896,1207.8948225438323,1464934,452500,146.4934,45.25
