name,category,median_ms,p95_ms,p99_ms,ops_per_sec
encode (with circ-check) x5000,encode,0.0021688526000000026,0.0029053265999999895,0.0029053265999999895,461073.28824466857
encode (skip circ-check) x5000,encode,0.001831936600000006,0.006252045599999997,0.006252045599999997,545870.4193147278
getByFingerprint (unlimited) x5000,registry,0.00037185980000001566,0.002210538399999996,0.002210538399999996,2689185.547886483
getByFingerprint (maxSize=200) x5000,registry,0.0005045329999999921,0.0016737229999999955,0.0016737229999999955,1982030.907790007
fingerprint (canonical) x5000,fingerprint,0.022903596600000038,0.04589452460000002,0.04589452460000002,43661.264973554345
fingerprint (JSON.stringify) x5000,fingerprint,0.015310371599999963,0.050459283200000024,0.050459283200000024,65315.201101977334
