mode,messages,concurrency,median_ms,p95_ms,p99_ms,throughput_msg_s,req_bytes_total,res_bytes_total,avg_req_bytes,avg_res_bytes
json,20000,128,6.245588999999882,25.64991699999996,109.077585,11448.051236302816,3950600,1716000,179.57272727272726,78
avro,20000,128,5.26648699999987,15.527489999999943,39.50940200000014,17677.302238833774,1888052,1034000,85.82054545454545,47
