{
  "metadata": {
    "generatedAt": "2026-04-10T07:20:24.164Z",
    "node": "v24.14.0",
    "platform": "linux x64",
    "host": "127.0.0.1",
    "port": 43120,
    "requests": 20000,
    "warmup": 2000,
    "concurrency": 128
  },
  "summary": [
    {
      "mode": "json",
      "messages": 20000,
      "concurrency": 128,
      "median_ms": 6.245588999999882,
      "p95_ms": 25.64991699999996,
      "p99_ms": 109.077585,
      "throughput_msg_s": 11448.051236302816,
      "req_bytes_total": 3950600,
      "res_bytes_total": 1716000,
      "avg_req_bytes": 179.57272727272726,
      "avg_res_bytes": 78
    },
    {
      "mode": "avro",
      "messages": 20000,
      "concurrency": 128,
      "median_ms": 5.26648699999987,
      "p95_ms": 15.527489999999943,
      "p99_ms": 39.50940200000014,
      "throughput_msg_s": 17677.302238833774,
      "req_bytes_total": 1888052,
      "res_bytes_total": 1034000,
      "avg_req_bytes": 85.82054545454545,
      "avg_res_bytes": 47
    }
  ],
  "results": [
    {
      "mode": "json",
      "messages": 20000,
      "concurrency": 128,
      "summary": {
        "min": 0.9923699999999371,
        "median": 6.245588999999882,
        "p95": 25.64991699999996,
        "p99": 109.077585,
        "max": 198.10016499999995,
        "mean": 9.984888145950007,
        "stddev": 18.365801929424805
      },
      "throughput": 11448.051236302816,
      "bytes": {
        "reqBytes": 3950600,
        "resBytes": 1716000,
        "messages": 22000
      }
    },
    {
      "mode": "avro",
      "messages": 20000,
      "concurrency": 128,
      "summary": {
        "min": 1.4065749999999753,
        "median": 5.26648699999987,
        "p95": 15.527489999999943,
        "p99": 39.50940200000014,
        "max": 63.84082900000021,
        "mean": 6.963534157199969,
        "stddev": 6.690738744738904
      },
      "throughput": 17677.302238833774,
      "bytes": {
        "reqBytes": 1888052,
        "resBytes": 1034000,
        "messages": 22000
      }
    }
  ]
}
