{
  "metadata": {
    "generatedAt": "2026-04-08T08:42:56.179Z",
    "node": "v24.14.0",
    "platform": "linux x64",
    "host": "127.0.0.1",
    "port": 43120,
    "requests": 20000,
    "warmup": 2000,
    "concurrency": 128
  },
  "summary": [
    {
      "mode": "json",
      "messages": 20000,
      "concurrency": 128,
      "median_ms": 2.656739000000016,
      "p95_ms": 4.000867999999969,
      "throughput_msg_s": 37240.31446592958,
      "req_bytes_total": 3950600,
      "res_bytes_total": 1716000,
      "avg_req_bytes": 179.57272727272726,
      "avg_res_bytes": 78
    },
    {
      "mode": "avro",
      "messages": 20000,
      "concurrency": 128,
      "median_ms": 3.500206000000162,
      "p95_ms": 6.397303999999963,
      "throughput_msg_s": 30220.565705417972,
      "req_bytes_total": 1866052,
      "res_bytes_total": 1012000,
      "avg_req_bytes": 84.82054545454545,
      "avg_res_bytes": 46
    }
  ],
  "results": [
    {
      "mode": "json",
      "messages": 20000,
      "concurrency": 128,
      "summary": {
        "min": 0.2281749999999647,
        "median": 2.656739000000016,
        "p95": 4.000867999999969,
        "max": 43.060281,
        "mean": 3.205802487650008,
        "stddev": 4.016698083186582
      },
      "throughput": 37240.31446592958,
      "bytes": {
        "reqBytes": 3950600,
        "resBytes": 1716000,
        "messages": 22000
      }
    },
    {
      "mode": "avro",
      "messages": 20000,
      "concurrency": 128,
      "summary": {
        "min": 1.5204310000000305,
        "median": 3.500206000000162,
        "p95": 6.397303999999963,
        "max": 35.660821000000055,
        "mean": 4.068422851699996,
        "stddev": 3.335505293662044
      },
      "throughput": 30220.565705417972,
      "bytes": {
        "reqBytes": 1866052,
        "resBytes": 1012000,
        "messages": 22000
      }
    }
  ]
}
