mode,messages,concurrency,median_ms,p95_ms,throughput_msg_s,req_bytes_total,res_bytes_total,avg_req_bytes,avg_res_bytes
json,20000,128,2.656739000000016,4.000867999999969,37240.31446592958,3950600,1716000,179.57272727272726,78
avro,20000,128,3.500206000000162,6.397303999999963,30220.565705417972,1866052,1012000,84.82054545454545,46
