mode,requests,concurrency,median_ms,p95_ms,throughput_req_s,req_bytes_total,res_bytes_total,avg_req_bytes,avg_res_bytes
json,12000,96,22.471825999999965,49.31072200000017,3488.3503111149175,3448650,1251000,287.3875,104.25
avro,12000,96,23.743693999999778,42.656739000000016,3542.7048288854107,1745938,531000,145.49483333333333,44.25
