mode,requests,concurrency,median_ms,p95_ms,p99_ms,throughput_req_s,req_bytes_total,res_bytes_total,avg_req_bytes,avg_res_bytes
json,12000,96,55.97303000000011,255.29790199999934,680.1305209999991,1085.6215318597144,3448650,1251000,287.3875,104.25
avro,12000,96,52.17232800000056,190.50066900000093,350.9726379999993,1250.98139933834,1757938,543000,146.49483333333333,45.25
