{
  "metadata": {
    "benchmarkName": "Server-to-Server HTTP Benchmark (JSON vs Avro)",
    "generatedAt": "2026-04-08T08:44:47.526Z",
    "node": "v24.14.0",
    "platform": "linux x64",
    "host": "127.0.0.1",
    "port": 43110,
    "requests": 12000,
    "warmup": 1200,
    "concurrency": 96
  },
  "summary": [
    {
      "mode": "json",
      "requests": 12000,
      "concurrency": 96,
      "median_ms": 22.471825999999965,
      "p95_ms": 49.31072200000017,
      "throughput_req_s": 3488.3503111149175,
      "req_bytes_total": 3448650,
      "res_bytes_total": 1251000,
      "avg_req_bytes": 287.3875,
      "avg_res_bytes": 104.25
    },
    {
      "mode": "avro",
      "requests": 12000,
      "concurrency": 96,
      "median_ms": 23.743693999999778,
      "p95_ms": 42.656739000000016,
      "throughput_req_s": 3542.7048288854107,
      "req_bytes_total": 1745938,
      "res_bytes_total": 531000,
      "avg_req_bytes": 145.49483333333333,
      "avg_res_bytes": 44.25
    }
  ],
  "results": [
    {
      "mode": "json",
      "requests": 12000,
      "concurrency": 96,
      "summary": {
        "min": 1.7183740000000398,
        "median": 22.471825999999965,
        "p95": 49.31072200000017,
        "max": 601.4003969999999,
        "mean": 27.471206865333365,
        "stddev": 37.07461275777589
      },
      "throughput": 3488.3503111149175,
      "bytes": {
        "reqBytes": 3448650,
        "resBytes": 1251000,
        "requests": 12000
      }
    },
    {
      "mode": "avro",
      "requests": 12000,
      "concurrency": 96,
      "summary": {
        "min": 11.266083999999864,
        "median": 23.743693999999778,
        "p95": 42.656739000000016,
        "max": 483.3165160000008,
        "mean": 27.046273719833316,
        "stddev": 17.14918909895099
      },
      "throughput": 3542.7048288854107,
      "bytes": {
        "reqBytes": 1745938,
        "resBytes": 531000,
        "requests": 12000
      }
    }
  ]
}
