{
  "metadata": {
    "benchmarkName": "Server-to-Server HTTP Benchmark (JSON vs Avro)",
    "generatedAt": "2026-04-10T07:20:35.606Z",
    "node": "v24.14.0",
    "platform": "linux x64",
    "host": "127.0.0.1",
    "port": 43110,
    "requests": 12000,
    "warmup": 1200,
    "concurrency": 96
  },
  "summary": [
    {
      "mode": "json",
      "requests": 12000,
      "concurrency": 96,
      "median_ms": 55.97303000000011,
      "p95_ms": 255.29790199999934,
      "p99_ms": 680.1305209999991,
      "throughput_req_s": 1085.6215318597144,
      "req_bytes_total": 3448650,
      "res_bytes_total": 1251000,
      "avg_req_bytes": 287.3875,
      "avg_res_bytes": 104.25
    },
    {
      "mode": "avro",
      "requests": 12000,
      "concurrency": 96,
      "median_ms": 52.17232800000056,
      "p95_ms": 190.50066900000093,
      "p99_ms": 350.9726379999993,
      "throughput_req_s": 1250.98139933834,
      "req_bytes_total": 1757938,
      "res_bytes_total": 543000,
      "avg_req_bytes": 146.49483333333333,
      "avg_res_bytes": 45.25
    }
  ],
  "results": [
    {
      "mode": "json",
      "requests": 12000,
      "concurrency": 96,
      "summary": {
        "min": 1.5674109999999928,
        "median": 55.97303000000011,
        "p95": 255.29790199999934,
        "p99": 680.1305209999991,
        "max": 1747.8118559999998,
        "mean": 88.36514319649993,
        "stddev": 126.09592700558738
      },
      "throughput": 1085.6215318597144,
      "bytes": {
        "reqBytes": 3448650,
        "resBytes": 1251000,
        "requests": 12000
      }
    },
    {
      "mode": "avro",
      "requests": 12000,
      "concurrency": 96,
      "summary": {
        "min": 12.16274500000145,
        "median": 52.17232800000056,
        "p95": 190.50066900000093,
        "p99": 350.9726379999993,
        "max": 884.1341620000003,
        "mean": 76.6545715748332,
        "stddev": 68.44648680341555
      },
      "throughput": 1250.98139933834,
      "bytes": {
        "reqBytes": 1757938,
        "resBytes": 543000,
        "requests": 12000
      }
    }
  ]
}
