{
  "metadata": {
    "generatedAt": "2026-04-10T07:19:07.512Z",
    "node": "v24.14.0",
    "platform": "linux x64",
    "warmupRounds": 3,
    "rounds": 10,
    "scenarios": [
      20000,
      50000,
      100000
    ],
    "gcEnabled": true
  },
  "summary": [
    {
      "scenario": "CheckoutEvent workload",
      "records": 20000,
      "avro_encode_median_ms": 78.99676999999997,
      "avro_encode_p99_ms": 209.58236699999998,
      "json_encode_median_ms": 62.78172399999994,
      "json_encode_p99_ms": 114.92363100000011,
      "avro_decode_median_ms": 27.585091999999804,
      "avro_decode_p99_ms": 46.319772999999714,
      "json_decode_median_ms": 33.902444999999716,
      "json_decode_p99_ms": 51.228129999999965,
      "avro_encode_ops_s": 253174.90829055425,
      "json_encode_ops_s": 318564.0458041582,
      "avro_decode_ops_s": 725029.3020592479,
      "json_decode_ops_s": 589927.9535738549,
      "avro_bytes": 2892554,
      "json_bytes": 7149261,
      "size_reduction_percent": 59.54051754440074,
      "encode_avro_faster_percent": -25.82765328330271,
      "decode_avro_faster_percent": 18.633915636468004
    },
    {
      "scenario": "CheckoutEvent workload",
      "records": 50000,
      "avro_encode_median_ms": 124.23228300000028,
      "avro_encode_p99_ms": 313.3343109999996,
      "json_encode_median_ms": 258.1205150000005,
      "json_encode_p99_ms": 388.1524010000003,
      "avro_decode_median_ms": 106.7111300000015,
      "avro_decode_p99_ms": 451.60745700000007,
      "json_decode_median_ms": 83.3967389999998,
      "json_decode_p99_ms": 110.64179800000056,
      "avro_encode_ops_s": 402471.8760098765,
      "json_encode_ops_s": 193707.96621880247,
      "avro_decode_ops_s": 468554.68590763956,
      "json_decode_ops_s": 599543.8262879814,
      "avro_bytes": 7231488,
      "json_bytes": 17873254,
      "size_reduction_percent": 59.540171028733766,
      "encode_avro_faster_percent": 51.870434242702466,
      "decode_avro_faster_percent": -27.955998375430198
    },
    {
      "scenario": "CheckoutEvent workload",
      "records": 100000,
      "avro_encode_median_ms": 235.54496300000028,
      "avro_encode_p99_ms": 911.129524,
      "json_encode_median_ms": 539.800296999998,
      "json_encode_p99_ms": 1240.6770480000014,
      "avro_decode_median_ms": 258.21159199999965,
      "avro_decode_p99_ms": 552.843241999999,
      "json_decode_median_ms": 169.3543299999983,
      "json_decode_p99_ms": 346.3516779999991,
      "avro_encode_ops_s": 424547.39310218184,
      "json_encode_ops_s": 185253.6957755701,
      "avro_decode_ops_s": 387279.2821787805,
      "json_decode_ops_s": 590477.9641595287,
      "avro_bytes": 14463087,
      "json_bytes": 35746657,
      "size_reduction_percent": 59.540029155733365,
      "encode_avro_faster_percent": 56.36442508293003,
      "decode_avro_faster_percent": -52.46825516655066
    }
  ],
  "results": [
    {
      "name": "CheckoutEvent workload",
      "count": 20000,
      "avroBytes": 2892554,
      "jsonBytes": 7149261,
      "reductionPercent": 59.5405,
      "operations": {
        "avroEncode": {
          "opsPerSec": 253174.90829055425,
          "summary": {
            "min": 31.34316700000005,
            "median": 78.99676999999997,
            "p95": 209.58236699999998,
            "p99": 209.58236699999998,
            "max": 209.58236699999998,
            "mean": 91.92754379999997,
            "stddev": 51.45415140333002
          },
          "samplesMs": [
            31.34316700000005,
            35.645426999999984,
            93.40632599999992,
            53.09929699999998,
            209.58236699999998,
            122.98434499999996,
            142.68486799999994,
            80.97594600000002,
            78.99676999999997,
            70.55692499999986
          ]
        },
        "jsonEncode": {
          "opsPerSec": 318564.0458041582,
          "summary": {
            "min": 45.52306399999998,
            "median": 62.78172399999994,
            "p95": 114.92363100000011,
            "p99": 114.92363100000011,
            "max": 114.92363100000011,
            "mean": 71.48611270000008,
            "stddev": 22.47228519342248
          },
          "samplesMs": [
            102.26792300000011,
            114.92363100000011,
            72.17360300000018,
            57.788810999999896,
            88.03593600000022,
            45.52306399999998,
            72.57990300000029,
            53.03211199999987,
            45.75442000000021,
            62.78172399999994
          ]
        },
        "avroDecode": {
          "opsPerSec": 725029.3020592479,
          "summary": {
            "min": 24.57535999999982,
            "median": 27.585091999999804,
            "p95": 46.319772999999714,
            "p99": 46.319772999999714,
            "max": 46.319772999999714,
            "mean": 30.61713309999991,
            "stddev": 6.67317990197225
          },
          "samplesMs": [
            40.46715600000016,
            46.319772999999714,
            28.10747900000024,
            24.57535999999982,
            27.04121299999997,
            25.754993000000013,
            27.391847999999754,
            27.585091999999804,
            29.121976999999788,
            29.80643999999984
          ]
        },
        "jsonDecode": {
          "opsPerSec": 589927.9535738549,
          "summary": {
            "min": 30.99707000000035,
            "median": 33.902444999999716,
            "p95": 51.228129999999965,
            "p99": 51.228129999999965,
            "max": 51.228129999999965,
            "mean": 35.849193799999966,
            "stddev": 5.868544630721913
          },
          "samplesMs": [
            33.98686099999986,
            31.31909799999994,
            31.30657599999995,
            33.902444999999716,
            32.14969299999984,
            30.99707000000035,
            36.717273000000205,
            36.43754500000023,
            40.44724699999961,
            51.228129999999965
          ]
        }
      }
    },
    {
      "name": "CheckoutEvent workload",
      "count": 50000,
      "avroBytes": 7231488,
      "jsonBytes": 17873254,
      "reductionPercent": 59.5402,
      "operations": {
        "avroEncode": {
          "opsPerSec": 402471.8760098765,
          "summary": {
            "min": 79.84791899999982,
            "median": 124.23228300000028,
            "p95": 313.3343109999996,
            "p99": 313.3343109999996,
            "max": 313.3343109999996,
            "mean": 139.0907721999999,
            "stddev": 63.28478625969593
          },
          "samplesMs": [
            144.64429399999972,
            133.0194619999993,
            148.44435299999986,
            155.78978900000038,
            313.3343109999996,
            79.84791899999982,
            95.81201299999975,
            86.56678700000066,
            109.21651099999963,
            124.23228300000028
          ]
        },
        "jsonEncode": {
          "opsPerSec": 193707.96621880247,
          "summary": {
            "min": 110.9431539999996,
            "median": 258.1205150000005,
            "p95": 388.1524010000003,
            "p99": 388.1524010000003,
            "max": 388.1524010000003,
            "mean": 276.22825089999986,
            "stddev": 86.79404265533806
          },
          "samplesMs": [
            110.9431539999996,
            333.5026709999993,
            351.80070700000033,
            347.57707800000026,
            242.6333080000004,
            330.84751699999924,
            388.1524010000003,
            148.63691599999947,
            250.06824199999937,
            258.1205150000005
          ]
        },
        "avroDecode": {
          "opsPerSec": 468554.68590763956,
          "summary": {
            "min": 90.06624400000146,
            "median": 106.7111300000015,
            "p95": 451.60745700000007,
            "p99": 451.60745700000007,