{
  "metadata": {
    "generatedAt": "2026-04-08T08:21:02.367Z",
    "node": "v24.14.0",
    "platform": "linux x64",
    "warmupRounds": 3,
    "rounds": 10,
    "scenarios": [
      20000,
      50000,
      100000
    ],
    "gcEnabled": true
  },
  "summary": [
    {
      "scenario": "CheckoutEvent workload",
      "records": 20000,
      "avro_encode_median_ms": 26.421329000000014,
      "json_encode_median_ms": 38.21544600000004,
      "avro_decode_median_ms": 23.5551660000001,
      "json_decode_median_ms": 28.218969000000016,
      "avro_encode_ops_s": 756964.1935876878,
      "json_encode_ops_s": 523348.5957484306,
      "avro_decode_ops_s": 849070.6454796335,
      "json_decode_ops_s": 708743.1153136739,
      "avro_bytes": 2892554,
      "json_bytes": 7149261,
      "size_reduction_percent": 59.54051754440074,
      "encode_avro_faster_percent": 30.862172850213536,
      "decode_avro_faster_percent": 16.527191337145993
    },
    {
      "scenario": "CheckoutEvent workload",
      "records": 50000,
      "avro_encode_median_ms": 58.75733200000013,
      "json_encode_median_ms": 101.36259700000028,
      "avro_decode_median_ms": 58.88683399999991,
      "json_decode_median_ms": 70.60126400000081,
      "avro_encode_ops_s": 850957.6302749738,
      "json_encode_ops_s": 493278.60058676143,
      "avro_decode_ops_s": 849086.2320769372,
      "json_decode_ops_s": 708202.6180154427,
      "avro_bytes": 7231488,
      "json_bytes": 17873254,
      "size_reduction_percent": 59.540171028733766,
      "encode_avro_faster_percent": 42.032530993656394,
      "decode_avro_faster_percent": 16.592379989118562
    },
    {
      "scenario": "CheckoutEvent workload",
      "records": 100000,
      "avro_encode_median_ms": 123.88318799999979,
      "json_encode_median_ms": 254.58114700000078,
      "avro_decode_median_ms": 117.83450500000072,
      "json_decode_median_ms": 140.77004400000078,
      "avro_encode_ops_s": 807212.0326771068,
      "json_encode_ops_s": 392802.0640114395,
      "avro_decode_ops_s": 848647.8557363091,
      "json_decode_ops_s": 710378.4097701884,
      "avro_bytes": 14463087,
      "json_bytes": 35746657,
      "size_reduction_percent": 59.540029155733365,
      "encode_avro_faster_percent": 51.33842805728289,
      "decode_avro_faster_percent": 16.29291172204218
    }
  ],
  "results": [
    {
      "name": "CheckoutEvent workload",
      "count": 20000,
      "avroBytes": 2892554,
      "jsonBytes": 7149261,
      "reductionPercent": 59.5405,
      "operations": {
        "avroEncode": {
          "opsPerSec": 756964.1935876878,
          "summary": {
            "min": 21.66016300000001,
            "median": 26.421329000000014,
            "p95": 33.945663000000025,
            "max": 33.945663000000025,
            "mean": 26.96610690000001,
            "stddev": 3.5291736928554904
          },
          "samplesMs": [
            21.66016300000001,
            23.95384100000001,
            30.307321,
            26.994010000000003,
            33.945663000000025,
            25.189382000000023,
            23.56464200000005,
            26.421329000000014,
            30.486335999999994,
            27.13838199999998
          ]
        },
        "jsonEncode": {
          "opsPerSec": 523348.5957484306,
          "summary": {
            "min": 34.747280000000046,
            "median": 38.21544600000004,
            "p95": 75.23261000000002,
            "max": 75.23261000000002,
            "mean": 46.6570048,
            "stddev": 13.14905300752884
          },
          "samplesMs": [
            34.747280000000046,
            46.57303000000002,
            65.07255199999997,
            36.23258300000009,
            46.791376000000014,
            38.21544600000004,
            75.23261000000002,
            35.88209699999993,
            36.15559099999996,
            51.66748299999995
          ]
        },
        "avroDecode": {
          "opsPerSec": 849070.6454796335,
          "summary": {
            "min": 21.55963399999996,
            "median": 23.5551660000001,
            "p95": 36.77065300000004,
            "max": 36.77065300000004,
            "mean": 26.08694270000001,
            "stddev": 4.9706402575744635
          },
          "samplesMs": [
            34.058201000000054,
            36.77065300000004,
            23.5551660000001,
            22.651796999999988,
            24.10017499999981,
            23.582660999999916,
            23.431199000000106,
            23.040513000000146,
            21.55963399999996,
            28.11942799999997
          ]
        },
        "jsonDecode": {
          "opsPerSec": 708743.1153136739,
          "summary": {
            "min": 26.444117000000006,
            "median": 28.218969000000016,
            "p95": 30.322787999999946,
            "max": 30.322787999999946,
            "mean": 28.33900559999993,
            "stddev": 1.0082743559273868
          },
          "samplesMs": [
            27.51012199999991,
            29.15812199999982,
            28.36800900000003,
            30.322787999999946,
            28.101738999999952,
            28.35674499999982,
            29.223986999999852,
            26.444117000000006,
            28.218969000000016,
            27.685457999999926
          ]
        }
      }
    },
    {
      "name": "CheckoutEvent workload",
      "count": 50000,
      "avroBytes": 7231488,
      "jsonBytes": 17873254,
      "reductionPercent": 59.5402,
      "operations": {
        "avroEncode": {
          "opsPerSec": 850957.6302749738,
          "summary": {
            "min": 54.04079200000024,
            "median": 58.75733200000013,
            "p95": 76.27639800000043,
            "max": 76.27639800000043,
            "mean": 62.23689420000005,
            "stddev": 8.558449432227539
          },
          "samplesMs": [
            74.95300700000007,
            56.40325699999994,
            59.07274099999995,
            59.791225000000395,
            73.67205599999988,
            54.78806099999974,
            54.04079200000024,
            54.614072999999735,
            76.27639800000043,
            58.75733200000013
          ]
        },
        "jsonEncode": {
          "opsPerSec": 493278.60058676143,
          "summary": {
            "min": 83.067544,
            "median": 101.36259700000028,
            "p95": 158.2748660000002,
            "max": 158.2748660000002,
            "mean": 107.07102409999993,
            "stddev": 21.877596595373255
          },
          "samplesMs": [
            91.74667900000031,
            158.2748660000002,
            83.067544,
            131.72606399999995,
            85.03252199999997,
            98.36312300000009,
            101.36259700000028,
            101.84664699999985,
            117.0925889999994,
            102.19760999999926
          ]
        },
        "avroDecode": {
          "opsPerSec": 849086.2320769372,
          "summary": {
            "min": 58.6610040000005,
            "median": 58.88683399999991,
            "p95": 63.20081299999947,
            "max": 63.20081299999947,
            "mean": 59.68358150000004,
            "stddev": 1.3087701672140357
          },
          "samplesMs": [
            58.74080800000047,
            59.98043199999938,
            58.88683399999991,
            58.857066999999915,
            63.20081299999947,
            58.6610040000005,
            59.47737899999993,
            59.62525000000005,
            58.875270000000455,
            60.53095800000028
          ]
        },
        "jsonDecode": {
          "opsPerSec": 708202.6180154427,
          "summary": {
            "min": 68.04457000000002,
            "median": 70.60126400000081,
            "p95": 147.11243900000045,
            "max": 147.11243900000045,
            "mean": 83.97366360000005,
            "stddev": 26.96265286668422
          },