scenario,records,avro_encode_median_ms,avro_encode_p99_ms,json_encode_median_ms,json_encode_p99_ms,avro_decode_median_ms,avro_decode_p99_ms,json_decode_median_ms,json_decode_p99_ms,avro_encode_ops_s,json_encode_ops_s,avro_decode_ops_s,json_decode_ops_s,avro_bytes,json_bytes,size_reduction_percent,encode_avro_faster_percent,decode_avro_faster_percent
CheckoutEvent workload,20000,78.99676999999997,209.58236699999998,62.78172399999994,114.92363100000011,27.585091999999804,46.319772999999714,33.902444999999716,51.228129999999965,253174.90829055425,318564.0458041582,725029.3020592479,589927.9535738549,2892554,7149261,59.54051754440074,-25.82765328330271,18.633915636468004
CheckoutEvent workload,50000,124.23228300000028,313.3343109999996,258.1205150000005,388.1524010000003,106.7111300000015,451.60745700000007,83.3967389999998,110.64179800000056,402471.8760098765,193707.96621880247,468554.68590763956,599543.8262879814,7231488,17873254,59.540171028733766,51.870434242702466,-27.955998375430198
CheckoutEvent workload,100000,235.54496300000028,911.129524,539.800296999998,1240.6770480000014,258.21159199999965,552.843241999999,169.3543299999983,346.3516779999991,424547.39310218184,185253.6957755701,387279.2821787805,590477.9641595287,14463087,35746657,59.540029155733365,56.36442508293003,-52.46825516655066
