scenario,records,avro_encode_median_ms,json_encode_median_ms,avro_decode_median_ms,json_decode_median_ms,avro_encode_ops_s,json_encode_ops_s,avro_decode_ops_s,json_decode_ops_s,avro_bytes,json_bytes,size_reduction_percent,encode_avro_faster_percent,decode_avro_faster_percent
CheckoutEvent workload,20000,26.421329000000014,38.21544600000004,23.5551660000001,28.218969000000016,756964.1935876878,523348.5957484306,849070.6454796335,708743.1153136739,2892554,7149261,59.54051754440074,30.862172850213536,16.527191337145993
CheckoutEvent workload,50000,58.75733200000013,101.36259700000028,58.88683399999991,70.60126400000081,850957.6302749738,493278.60058676143,849086.2320769372,708202.6180154427,7231488,17873254,59.540171028733766,42.032530993656394,16.592379989118562
CheckoutEvent workload,100000,123.88318799999979,254.58114700000078,117.83450500000072,140.77004400000078,807212.0326771068,392802.0640114395,848647.8557363091,710378.4097701884,14463087,35746657,59.540029155733365,51.33842805728289,16.29291172204218
