mode,messages,concurrency,median_ms,p95_ms,p99_ms,throughput_msg_s,req_bytes_total,res_bytes_total,avg_req_bytes,avg_res_bytes
json,6000,64,1.9341190000000097,5.10690500000004,31.53459699999999,18025.653587441695,1185111,514800,179.56227272727273,78
avro,6000,64,2.059522999999899,5.09742499999993,27.366665000000012,20923.28004413361,566356,310200,85.81151515151515,47
