mode,messages,concurrency,median_ms,p95_ms,p99_ms,throughput_msg_s,req_bytes_total,res_bytes_total,avg_req_bytes,avg_res_bytes
json,20000,128,8.008612999999968,37.00942899999973,112.28336600000011,7806.183556441625,3950600,1716000,179.57272727272726,78
avro,20000,128,7.3228439999998045,23.517945999999938,76.98059299999977,10644.606698587657,1888052,1034000,85.82054545454545,47
