mode,messages,concurrency,median_ms,p95_ms,p99_ms,throughput_msg_s,req_bytes_total,res_bytes_total,avg_req_bytes,avg_res_bytes
json,6000,64,1.618284000000017,3.431662000000017,18.817131999999987,26780.451687846453,1185111,514800,179.56227272727273,78
avro,6000,64,2.010992999999985,4.095762000000036,16.129568000000006,24223.577027147618,566356,310200,85.81151515151515,47
