{
  "metadata": {
    "generatedAt": "2026-04-10T06:30:52.365Z",
    "node": "v24.14.0",
    "platform": "linux x64",
    "host": "127.0.0.1",
    "port": 43120,
    "requests": 6000,
    "warmup": 600,
    "concurrency": 64
  },
  "summary": [
    {
      "mode": "json",
      "messages": 6000,
      "concurrency": 64,
      "median_ms": 1.9341190000000097,
      "p95_ms": 5.10690500000004,
      "p99_ms": 31.53459699999999,
      "throughput_msg_s": 18025.653587441695,
      "req_bytes_total": 1185111,
      "res_bytes_total": 514800,
      "avg_req_bytes": 179.56227272727273,
      "avg_res_bytes": 78
    },
    {
      "mode": "avro",
      "messages": 6000,
      "concurrency": 64,
      "median_ms": 2.059522999999899,
      "p95_ms": 5.09742499999993,
      "p99_ms": 27.366665000000012,
      "throughput_msg_s": 20923.28004413361,
      "req_bytes_total": 566356,
      "res_bytes_total": 310200,
      "avg_req_bytes": 85.81151515151515,
      "avg_res_bytes": 47
    }
  ],
  "results": [
    {
      "mode": "json",
      "messages": 6000,
      "concurrency": 64,
      "summary": {
        "min": 0.4165439999999876,
        "median": 1.9341190000000097,
        "p95": 5.10690500000004,
        "p99": 31.53459699999999,
        "max": 38.94637,
        "mean": 3.0160679398333254,
        "stddev": 4.45853231216942
      },
      "throughput": 18025.653587441695,
      "bytes": {
        "reqBytes": 1185111,
        "resBytes": 514800,
        "messages": 6600
      }
    },
    {
      "mode": "avro",
      "messages": 6000,
      "concurrency": 64,
      "summary": {
        "min": 0.48587799999995696,
        "median": 2.059522999999899,
        "p95": 5.09742499999993,
        "p99": 27.366665000000012,
        "max": 29.396356999999966,
        "mean": 2.8231692228333354,
        "stddev": 3.0463763199576412
      },
      "throughput": 20923.28004413361,
      "bytes": {
        "reqBytes": 566356,
        "resBytes": 310200,
        "messages": 6600
      }
    }
  ]
}
