{
  "metadata": {
    "generatedAt": "2026-04-08T08:40:24.643Z",
    "node": "v24.14.0",
    "platform": "linux x64",
    "host": "127.0.0.1",
    "port": 43120,
    "requests": 1200,
    "warmup": 120,
    "concurrency": 32
  },
  "summary": [
    {
      "mode": "json",
      "messages": 1200,
      "concurrency": 32,
      "median_ms": 1.3411059999999964,
      "p95_ms": 5.876648000000003,
      "throughput_msg_s": 14933.569509394412,
      "req_bytes_total": 236910,
      "res_bytes_total": 102960,
      "avg_req_bytes": 179.47727272727272,
      "avg_res_bytes": 78
    },
    {
      "mode": "avro",
      "messages": 1200,
      "concurrency": 32,
      "median_ms": 1.5556770000000029,
      "p95_ms": 4.655474999999996,
      "throughput_msg_s": 15634.28672560072,
      "req_bytes_total": 111875,
      "res_bytes_total": 60720,
      "avg_req_bytes": 84.75378787878788,
      "avg_res_bytes": 46
    }
  ],
  "results": [
    {
      "mode": "json",
      "messages": 1200,
      "concurrency": 32,
      "summary": {
        "min": 0.4767390000000091,
        "median": 1.3411059999999964,
        "p95": 5.876648000000003,
        "max": 8.171000000000006,
        "mean": 1.7446428658333313,
        "stddev": 1.3812046124088422
      },
      "throughput": 14933.569509394412,
      "bytes": {
        "reqBytes": 236910,
        "resBytes": 102960,
        "messages": 1320
      }
    },
    {
      "mode": "avro",
      "messages": 1200,
      "concurrency": 32,
      "summary": {
        "min": 0.6930070000000228,
        "median": 1.5556770000000029,
        "p95": 4.655474999999996,
        "max": 8.080786000000018,
        "mean": 1.8825594158333345,
        "stddev": 1.1461524098569427
      },
      "throughput": 15634.28672560072,
      "bytes": {
        "reqBytes": 111875,
        "resBytes": 60720,
        "messages": 1320
      }
    }
  ]
}
