mode,messages,concurrency,median_ms,p95_ms,throughput_msg_s,req_bytes_total,res_bytes_total,avg_req_bytes,avg_res_bytes
json,1200,32,1.3411059999999964,5.876648000000003,14933.569509394412,236910,102960,179.47727272727272,78
avro,1200,32,1.5556770000000029,4.655474999999996,15634.28672560072,111875,60720,84.75378787878788,46
