{
  "metadata": {
    "generatedAt": "2026-04-10T05:51:29.158Z",
    "node": "v24.14.0",
    "platform": "linux x64",
    "warmupRounds": 3,
    "rounds": 8,
    "scenarios": [
      5000,
      20000,
      50000
    ],
    "gcEnabled": false
  },
  "summary": [
    {
      "scenario": "CheckoutEvent workload",
      "records": 5000,
      "avro_encode_median_ms": 7.064183999999983,
      "avro_encode_p99_ms": 19.586832000000015,
      "json_encode_median_ms": 11.248283000000015,
      "json_encode_p99_ms": 17.68140199999999,
      "avro_decode_median_ms": 6.637901999999997,
      "avro_decode_p99_ms": 10.570812000000046,
      "json_decode_median_ms": 7.2588009999999485,
      "json_decode_p99_ms": 8.812874999999963,
      "avro_encode_ops_s": 707795.83317762,
      "json_encode_ops_s": 444512.28689747525,
      "avro_decode_ops_s": 753250.0479820285,
      "json_decode_ops_s": 688818.9936602527,
      "avro_bytes": 723068,
      "json_bytes": 1787239,
      "size_reduction_percent": 59.54273603026792,
      "encode_avro_faster_percent": 37.19766830190906,
      "decode_avro_faster_percent": 8.553740486892478
    },
    {
      "scenario": "CheckoutEvent workload",
      "records": 20000,
      "avro_encode_median_ms": 34.30826200000001,
      "avro_encode_p99_ms": 64.95602199999996,
      "json_encode_median_ms": 78.24993899999981,
      "json_encode_p99_ms": 118.05774300000007,
      "avro_decode_median_ms": 37.33047399999987,
      "avro_decode_p99_ms": 107.41060400000015,
      "json_decode_median_ms": 31.79946400000017,
      "json_decode_p99_ms": 34.76989700000013,
      "avro_encode_ops_s": 582949.9611492996,
      "json_encode_ops_s": 255591.25355995545,
      "avro_decode_ops_s": 535755.3188314745,
      "json_decode_ops_s": 628941.418635229,
      "avro_bytes": 2892554,
      "json_bytes": 7149261,
      "size_reduction_percent": 59.54051754440074,
      "encode_avro_faster_percent": 56.15554153978306,
      "decode_avro_faster_percent": -17.393406379427233
    },
    {
      "scenario": "CheckoutEvent workload",
      "records": 50000,
      "avro_encode_median_ms": 59.267829999999776,
      "avro_encode_p99_ms": 101.49547200000006,
      "json_encode_median_ms": 201.5370750000002,
      "json_encode_p99_ms": 335.64303800000016,
      "avro_decode_median_ms": 70.56015900000057,
      "avro_decode_p99_ms": 78.02274899999975,
      "json_decode_median_ms": 94.5675510000001,
      "json_decode_p99_ms": 155.14321199999995,
      "avro_encode_ops_s": 843627.9850299933,
      "json_encode_ops_s": 248093.3098785916,
      "avro_decode_ops_s": 708615.1832509277,
      "json_decode_ops_s": 528722.5847690605,
      "avro_bytes": 7231488,
      "json_bytes": 17873254,
      "size_reduction_percent": 59.540171028733766,
      "encode_avro_faster_percent": 70.59209577195674,
      "decode_avro_faster_percent": 25.386500703607627
    }
  ],
  "results": [
    {
      "name": "CheckoutEvent workload",
      "count": 5000,
      "avroBytes": 723068,
      "jsonBytes": 1787239,
      "reductionPercent": 59.5427,
      "operations": {
        "avroEncode": {
          "opsPerSec": 707795.83317762,
          "summary": {
            "min": 6.455151000000001,
            "median": 7.064183999999983,
            "p95": 19.586832000000015,
            "p99": 19.586832000000015,
            "max": 19.586832000000015,
            "mean": 8.705897874999998,
            "stddev": 4.149465428658873
          },
          "samplesMs": [
            6.455151000000001,
            6.874644999999987,
            7.064183999999983,
            7.268349000000001,
            8.245688000000001,
            19.586832000000015,
            6.508354999999995,
            7.643979000000002
          ]
        },
        "jsonEncode": {
          "opsPerSec": 444512.28689747525,
          "summary": {
            "min": 8.964779999999962,
            "median": 11.248283000000015,
            "p95": 17.68140199999999,
            "p99": 17.68140199999999,
            "max": 17.68140199999999,
            "mean": 12.60434712499999,
            "stddev": 3.1516094192344952
          },
          "samplesMs": [
            11.373417000000018,
            14.36673300000001,
            17.052903999999955,
            8.964779999999962,
            11.248283000000015,
            9.243155999999999,
            10.904101999999966,
            17.68140199999999
          ]
        },
        "avroDecode": {
          "opsPerSec": 753250.0479820285,
          "summary": {
            "min": 5.870396000000028,
            "median": 6.637901999999997,
            "p95": 10.570812000000046,
            "p99": 10.570812000000046,
            "max": 10.570812000000046,
            "mean": 7.587597750000015,
            "stddev": 1.5514469385521097
          },
          "samplesMs": [
            10.570812000000046,
            9.074252999999999,
            6.56735900000001,
            7.590572000000009,
            8.408400000000029,
            6.637901999999997,
            5.870396000000028,
            5.981088
          ]
        },
        "jsonDecode": {
          "opsPerSec": 688818.9936602527,
          "summary": {
            "min": 7.155204000000026,
            "median": 7.2588009999999485,
            "p95": 8.812874999999963,
            "p99": 8.812874999999963,
            "max": 8.812874999999963,
            "mean": 7.513686500000006,
            "stddev": 0.5167193021604988
          },
          "samplesMs": [
            7.195288000000005,
            7.2639520000000175,
            7.2588009999999485,
            7.155204000000026,
            7.236148000000071,
            7.616795000000025,
            8.812874999999963,
            7.57042899999999
          ]
        }
      }
    },
    {
      "name": "CheckoutEvent workload",
      "count": 20000,
      "avroBytes": 2892554,
      "jsonBytes": 7149261,
      "reductionPercent": 59.5405,
      "operations": {
        "avroEncode": {
          "opsPerSec": 582949.9611492996,
          "summary": {
            "min": 29.518264000000045,
            "median": 34.30826200000001,
            "p95": 64.95602199999996,
            "p99": 64.95602199999996,
            "max": 64.95602199999996,
            "mean": 40.153997625,
            "stddev": 11.223791980193207
          },
          "samplesMs": [
            31.202225999999996,
            64.95602199999996,
            34.30826200000001,
            32.02352199999996,
            48.81609000000003,
            36.73388899999998,
            43.67370600000004,
            29.518264000000045
          ]
        },
        "jsonEncode": {
          "opsPerSec": 255591.25355995545,
          "summary": {
            "min": 52.730023000000074,
            "median": 78.24993899999981,
            "p95": 118.05774300000007,
            "p99": 118.05774300000007,
            "max": 118.05774300000007,
            "mean": 80.16153037499998,
            "stddev": 19.562854020077182
          },
          "samplesMs": [
            85.56867399999987,
            82.81796600000007,
            96.81259900000009,
            78.24993899999981,
            64.63521999999989,
            62.42007899999999,
            118.05774300000007,
            52.730023000000074
          ]
        },
        "avroDecode": {
          "opsPerSec": 535755.3188314745,
          "summary": {
            "min": 29.876486000000114,
            "median": 37.33047399999987,
            "p95": 107.41060400000015,
            "p99": 107.41060400000015,
            "max": 107.41060400000015,
            "mean": 50.1752858750001,
            "stddev": 26.141125984549916
          },
          "samplesMs": [
            37.33047399999987,
            107.41060400000015,
            78.26763300000039,
            46.2264610000002,
            31.76989300000014,
            31.68864500000018,
            29.876486000000114,
            38.832090999999764
          ]
        },