{
  "metadata": {
    "generatedAt": "2026-04-10T06:30:34.536Z",
    "node": "v24.14.0",
    "platform": "linux x64",
    "warmupRounds": 3,
    "rounds": 8,
    "scenarios": [
      5000,
      20000,
      50000
    ],
    "gcEnabled": false
  },
  "summary": [
    {
      "scenario": "CheckoutEvent workload",
      "records": 5000,
      "avro_encode_median_ms": 7.991766000000013,
      "avro_encode_p99_ms": 9.665824999999998,
      "json_encode_median_ms": 10.37371699999997,
      "json_encode_p99_ms": 13.02347199999997,
      "avro_decode_median_ms": 6.250678999999991,
      "avro_decode_p99_ms": 18.359668999999997,
      "json_decode_median_ms": 7.733584999999948,
      "json_decode_p99_ms": 10.15359600000005,
      "avro_encode_ops_s": 625643.9440293913,
      "json_encode_ops_s": 481987.314672264,
      "avro_decode_ops_s": 799913.0974410952,
      "json_decode_ops_s": 646530.6840230027,
      "avro_bytes": 723068,
      "json_bytes": 1787239,
      "size_reduction_percent": 59.54273603026792,
      "encode_avro_faster_percent": 22.961403323417873,
      "decode_avro_faster_percent": 19.174884610435743
    },
    {
      "scenario": "CheckoutEvent workload",
      "records": 20000,
      "avro_encode_median_ms": 32.132611,
      "avro_encode_p99_ms": 52.73289199999999,
      "json_encode_median_ms": 42.7434189999999,
      "json_encode_p99_ms": 103.650216,
      "avro_decode_median_ms": 35.28653299999996,
      "avro_decode_p99_ms": 63.51826899999992,
      "json_decode_median_ms": 49.33512500000006,
      "json_decode_p99_ms": 73.09899700000005,
      "avro_encode_ops_s": 622420.6305550458,
      "json_encode_ops_s": 467908.2878232096,
      "avro_decode_ops_s": 566788.4685639142,
      "json_decode_ops_s": 405390.68260189827,
      "avro_bytes": 2892554,
      "json_bytes": 7149261,
      "size_reduction_percent": 59.54051754440074,
      "encode_avro_faster_percent": 24.824425018503852,
      "decode_avro_faster_percent": 28.475841502378035
    },
    {
      "scenario": "CheckoutEvent workload",
      "records": 50000,
      "avro_encode_median_ms": 59.62369699999999,
      "avro_encode_p99_ms": 306.2018360000002,
      "json_encode_median_ms": 143.5766819999999,
      "json_encode_p99_ms": 191.35501699999986,
      "avro_decode_median_ms": 62.5952870000001,
      "avro_decode_p99_ms": 70.41163199999937,
      "json_decode_median_ms": 76.12186600000041,
      "json_decode_p99_ms": 81.9620819999991,
      "avro_encode_ops_s": 838592.7494566465,
      "json_encode_ops_s": 348245.96378400805,
      "avro_decode_ops_s": 798782.1830739416,
      "json_decode_ops_s": 656841.4915104647,
      "avro_bytes": 7231488,
      "json_bytes": 17873254,
      "size_reduction_percent": 59.540171028733766,
      "encode_avro_faster_percent": 58.472576347738666,
      "decode_avro_faster_percent": 17.769636650788666
    }
  ],
  "results": [
    {
      "name": "CheckoutEvent workload",
      "count": 5000,
      "avroBytes": 723068,
      "jsonBytes": 1787239,
      "reductionPercent": 59.5427,
      "operations": {
        "avroEncode": {
          "opsPerSec": 625643.9440293913,
          "summary": {
            "min": 5.584073000000018,
            "median": 7.991766000000013,
            "p95": 9.665824999999998,
            "p99": 9.665824999999998,
            "max": 9.665824999999998,
            "mean": 7.932514624999998,
            "stddev": 1.458113041939209
          },
          "samplesMs": [
            9.665824999999998,
            7.991766000000013,
            8.742864999999995,
            9.11248599999999,
            9.406821999999977,
            5.584073000000018,
            6.350268999999997,
            6.606010999999995
          ]
        },
        "jsonEncode": {
          "opsPerSec": 481987.314672264,
          "summary": {
            "min": 8.977671999999984,
            "median": 10.37371699999997,
            "p95": 13.02347199999997,
            "p99": 13.02347199999997,
            "max": 13.02347199999997,
            "mean": 10.911896124999995,
            "stddev": 1.3262154652241078
          },
          "samplesMs": [
            8.977671999999984,
            10.37371699999997,
            9.746659000000022,
            11.796964000000003,
            11.559323000000006,
            13.02347199999997,
            9.679685000000006,
            12.137676999999996
          ]
        },
        "avroDecode": {
          "opsPerSec": 799913.0974410952,
          "summary": {
            "min": 5.9018350000000055,
            "median": 6.250678999999991,
            "p95": 18.359668999999997,
            "p99": 18.359668999999997,
            "max": 18.359668999999997,
            "mean": 8.31716775000001,
            "stddev": 3.99706405030682
          },
          "samplesMs": [
            18.359668999999997,
            9.948162000000025,
            6.250678999999991,
            5.903589000000011,
            7.350117000000012,
            6.706099999999992,
            6.117191000000048,
            5.9018350000000055
          ]
        },
        "jsonDecode": {
          "opsPerSec": 646530.6840230027,
          "summary": {
            "min": 7.174800000000005,
            "median": 7.733584999999948,
            "p95": 10.15359600000005,
            "p99": 10.15359600000005,
            "max": 10.15359600000005,
            "mean": 8.206612374999999,
            "stddev": 1.0480986542199995
          },
          "samplesMs": [
            7.733584999999948,
            8.304659000000015,
            9.675630000000012,
            7.174800000000005,
            7.814525000000003,
            10.15359600000005,
            7.598115999999948,
            7.197988000000009
          ]
        }
      }
    },
    {
      "name": "CheckoutEvent workload",
      "count": 20000,
      "avroBytes": 2892554,
      "jsonBytes": 7149261,
      "reductionPercent": 59.5405,
      "operations": {
        "avroEncode": {
          "opsPerSec": 622420.6305550458,
          "summary": {
            "min": 25.118644000000018,
            "median": 32.132611,
            "p95": 52.73289199999999,
            "p99": 52.73289199999999,
            "max": 52.73289199999999,
            "mean": 34.70499587500001,
            "stddev": 9.293260190190852
          },
          "samplesMs": [
            32.132611,
            33.136757999999986,
            46.48066200000005,
            27.136941999999976,
            26.40113400000007,
            25.118644000000018,
            34.50032399999998,
            52.73289199999999
          ]
        },
        "jsonEncode": {
          "opsPerSec": 467908.2878232096,
          "summary": {
            "min": 35.40359699999999,
            "median": 42.7434189999999,
            "p95": 103.650216,
            "p99": 103.650216,
            "max": 103.650216,
            "mean": 55.53316874999999,
            "stddev": 22.342369180916975
          },
          "samplesMs": [
            35.40359699999999,
            41.33873800000015,
            51.841159999999945,
            41.69086399999992,
            42.7434189999999,
            46.975114000000076,
            80.62224199999991,
            103.650216
          ]
        },
        "avroDecode": {
          "opsPerSec": 566788.4685639142,
          "summary": {
            "min": 28.78114299999993,
            "median": 35.28653299999996,
            "p95": 63.51826899999992,
            "p99": 63.51826899999992,
            "max": 63.51826899999992,
            "mean": 39.67432224999999,
            "stddev": 10.516065739024558
          },
          "samplesMs": [
            63.51826899999992,
            45.55541500000004,
            28.78114299999993,
            38.34222100000011,
            42.197067999999945,
            29.277709999999843,
            35.28653299999996,
            34.436219000000165
          ]
        },
        "jsonDecode": {
          "opsPerSec": 405390.68260189827,