scenario,records,avro_encode_median_ms,avro_encode_p99_ms,json_encode_median_ms,json_encode_p99_ms,avro_decode_median_ms,avro_decode_p99_ms,json_decode_median_ms,json_decode_p99_ms,avro_encode_ops_s,json_encode_ops_s,avro_decode_ops_s,json_decode_ops_s,avro_bytes,json_bytes,size_reduction_percent,encode_avro_faster_percent,decode_avro_faster_percent
CheckoutEvent workload,5000,7.064183999999983,19.586832000000015,11.248283000000015,17.68140199999999,6.637901999999997,10.570812000000046,7.2588009999999485,8.812874999999963,707795.83317762,444512.28689747525,753250.0479820285,688818.9936602527,723068,1787239,59.54273603026792,37.19766830190906,8.553740486892478
CheckoutEvent workload,20000,34.30826200000001,64.95602199999996,78.24993899999981,118.05774300000007,37.33047399999987,107.41060400000015,31.79946400000017,34.76989700000013,582949.9611492996,255591.25355995545,535755.3188314745,628941.418635229,2892554,7149261,59.54051754440074,56.15554153978306,-17.393406379427233
CheckoutEvent workload,50000,59.267829999999776,101.49547200000006,201.5370750000002,335.64303800000016,70.56015900000057,78.02274899999975,94.5675510000001,155.14321199999995,843627.9850299933,248093.3098785916,708615.1832509277,528722.5847690605,7231488,17873254,59.540171028733766,70.59209577195674,25.386500703607627
