scenario,records,avro_encode_median_ms,json_encode_median_ms,avro_decode_median_ms,json_decode_median_ms,avro_encode_ops_s,json_encode_ops_s,avro_decode_ops_s,json_decode_ops_s,avro_bytes,json_bytes,size_reduction_percent,encode_avro_faster_percent,decode_avro_faster_percent
CheckoutEvent workload,5000,8.205065000000005,11.227251999999993,6.540936000000016,7.313737000000003,609379.6941279559,445344.95172995166,764416.5911423055,683645.0367301966,723068,1787239,59.54273603026792,26.91831447267764,10.566431360602476
CheckoutEvent workload,20000,22.928791999999987,40.098554000000036,26.94797299999999,29.29735100000005,872265.7521599921,498771.1028183206,742170.8489911285,682655.575242962,2892554,7149261,59.54051754440074,42.81890563934059,8.019079950265997
CheckoutEvent workload,50000,55.823872999999935,99.49651100000005,60.16533699999991,74.91621600000008,895674.15001822,502530.184199122,831043.2965745721,667412.2462351802,7231488,17873254,59.540171028733766,43.89363763720328,19.68983457466692
