scenario,records,avro_encode_median_ms,avro_encode_p99_ms,json_encode_median_ms,json_encode_p99_ms,avro_decode_median_ms,avro_decode_p99_ms,json_decode_median_ms,json_decode_p99_ms,avro_encode_ops_s,json_encode_ops_s,avro_decode_ops_s,json_decode_ops_s,avro_bytes,json_bytes,size_reduction_percent,encode_avro_faster_percent,decode_avro_faster_percent
CheckoutEvent workload,5000,7.991766000000013,9.665824999999998,10.37371699999997,13.02347199999997,6.250678999999991,18.359668999999997,7.733584999999948,10.15359600000005,625643.9440293913,481987.314672264,799913.0974410952,646530.6840230027,723068,1787239,59.54273603026792,22.961403323417873,19.174884610435743
CheckoutEvent workload,20000,32.132611,52.73289199999999,42.7434189999999,103.650216,35.28653299999996,63.51826899999992,49.33512500000006,73.09899700000005,622420.6305550458,467908.2878232096,566788.4685639142,405390.68260189827,2892554,7149261,59.54051754440074,24.824425018503852,28.475841502378035
CheckoutEvent workload,50000,59.62369699999999,306.2018360000002,143.5766819999999,191.35501699999986,62.5952870000001,70.41163199999937,76.12186600000041,81.9620819999991,838592.7494566465,348245.96378400805,798782.1830739416,656841.4915104647,7231488,17873254,59.540171028733766,58.472576347738666,17.769636650788666
