mode,requests,concurrency,median_ms,p95_ms,throughput_req_s,req_bytes_total,res_bytes_total,avg_req_bytes,avg_res_bytes
json,4000,64,15.985811999999896,31.571613999999954,2956.3221655331845,1149540,417000,287.385,104.25
avro,4000,64,16.31418100000019,28.086256999999932,3444.6123535088714,581967,177000,145.49175,44.25
